id;name;route_no;suffix;project_id;created_date;description
1;Burg;parsing;Group Credit Card Account Chips;9905;Strategist infrastructures hacking;Credit Card Account payment
2;compress microchip Consultant;South Carolina Unbranded Wooden Cheese JSON;value-added viral Factors;97943;open-source;strategic orange
3;Lao People's Democratic Republic Buckinghamshire;approach Global Ridges;Extended;91664;Awesome Adaptive;Designer Avon Virgin Islands, U.S.
4;Kentucky;Architect Generic Fresh Shoes Oregon;wireless;89654;Industrial;Saint Helena Pound Applications sticky
5;Money Market Account;hard drive yellow web-enabled;Implementation networks;86013;Pizza Books;deposit
6;bandwidth;Marketing;Clothing 1080p niches;26562;Director program;Guatemala IB Handcrafted
7;impactful;Metal Ergonomic Rubber Hat Money Market Account;Roads Versatile fault-tolerant;43749;Savings Account Sleek;Arkansas Cove
8;payment facilitate Tunnel;orchestrate monitor;haptic;33612;solutions Divide Tools;Fantastic
9;back up Checking Account;redundant program back-end;blue plum deliverables;12565;Handcrafted Frozen Table Avon;experiences efficient Sports
10;Corporate Officer Quality-focused;Seamless;Gorgeous Metal Hat Meadow;18115;invoice Niue Triple-buffered;SQL
