id;name;media_id;created_date;description
1;Kids Outdoors actuating;20930;Fresh neural payment;Developer connect
2;Bedfordshire;26818;Exclusive deliver Cloned;support
3;Lebanon methodologies;69075;logistical turquoise Central;bluetooth efficient Intelligent
4;overriding sky blue;53471;Administrator firmware;Awesome Accounts
5;synthesize;3897;Bacon Heard Island and McDonald Islands bandwidth;Steel hard drive Unbranded Soft Fish
6;Group Georgia generate;19113;systems Sports Bedfordshire;Ergonomic Metal Cape Verde
7;mobile New Jersey;45404;Direct;transmit
8;Outdoors methodology;78739;Liaison Concrete engage;Horizontal Buckinghamshire
9;microchip Versatile Customer;28504;Utah;granular Borders high-level
10;Home Loan Account Metal;42193;Liechtenstein global;Auto Loan Account Electronics Steel
