id;name;bus_stop_no;suffix;created_date;description
1;Borders deposit;Mexican Peso Mexican Unidad de Inversion (UDI) Courts;convergence Auto Loan Account;Credit Card Account pink;paradigm
2;open-source Plastic Awesome Cotton Bike;Synergistic parse;Principal;plum Maryland redundant;Savings Account info-mediaries
3;Uzbekistan Sum Jewelery;silver Borders Coordinator;Markets Multi-layered;teal connect Denmark;SDD program
4;SMTP connect multimedia;virtual Response;Delaware;Gloves;Buckinghamshire Wisconsin
5;withdrawal Chief;payment Croatia;Dam;Fresh;Avon Incredible Cotton Computer Solutions
6;pixel Awesome;gold primary;copy Customer;Missouri Tennessee generate;Licensed
7;functionalities Plastic;Avon;real-time Architect web-readiness;Licensed;Networked XSS
8;Bacon reboot;Refined Steel Hat Shoes Tennessee;Personal Loan Account e-enable;invoice virtual;reboot methodical
9;Analyst;web services Architect;Iceland Krona Awesome;Facilitator distributed;Gardens Intelligent Frozen Towels
10;convergence invoice;Grocery;Tools;Concrete Latvian Lats;panel International
