id;name;width;height;project_id;created_date;description
1;Fresh deposit Unbranded;40353;52511;17576;Home Loan Account;Concrete paradigms
2;algorithm budgetary management parse;5499;2059;91786;Agent Small index;Cambridgeshire User-centric generating
3;Mill;24884;82142;20591;Grocery bandwidth-monitored Beauty;back up
4;Pine COM;93703;75894;45145;Director Supervisor knowledge base;Azerbaijan
5;Executive;18551;52440;9973;Inverse Generic Assistant;Administrator communities Incredible
6;Industrial;70488;76933;23918;Money Market Account grey experiences;Concrete
7;overriding complexity Checking Account;84240;69570;21336;invoice;cross-platform Switchable firewall
8;Granite;24558;64823;12809;Executive;Infrastructure
9;TCP;68907;94342;99374;Handcrafted Cotton Fish Checking Account Technician;Secured National
10;Principal;58889;2231;4927;Hat Accounts salmon;International
